routerproto,juggler,goodput,throughput,fct,meanNetworkUtilization
ecmp-mptcp,true,2338483.4968777876,3830251.917930419,11.21,0.7301846256344335
ecmp-mptcp,true,2310636.3099487885,5062522.322412319,11.3451,0.8669182457982534
ecmp-mptcp,true,2168468.595157541,2382660.9534366233,12.0889,0.8213664229427051
ecmp-mptcp,true,2354424.695305413,2559259.0330605977,11.1341,0.8702769342259224
ecmp-mptcp,true,2348792.2012758944,2560155.7236040425,11.1608,0.7858403022901683
ecmp-mptcp,true,2276701.8116760175,5027774.747702836,11.5142,0.7227262727205576
ecmp-mptcp,true,2286611.480857968,2504704.3430475476,11.4643,0.829830042914089
ecmp-mptcp,true,2334069.3781608376,3828280.148158701,11.2312,0.6143182742008524
ecmp-mptcp,true,2327210.745452447,5094163.862823255,11.2643,0.8421904595348942
ecmp-mptcp,true,2351025.093720292,2563508.4572474035,11.1502,0.810021727814686
ecmp-mptcp,true,2338066.357474135,2549372.8148412416,11.212,0.734948599102621
ecmp-mptcp,true,2203853.78484716,4830667.8548609475,11.8948,0.8931005612994182
ecmp-mptcp,true,2353558.025533749,2559336.1584457094,11.1382,0.889655707486436
ecmp-mptcp,true,2351995.4062589724,2556623.241458513,11.1456,0.9988173371227151
ecmp-mptcp,true,2260446.667241528,2480985.772182461,11.597,0.7766620388696082
ecmp-mptcp,true,2356054.06960023,2560329.3068737416,11.1264,1
ecmp-mptcp,true,2346080.528383615,3850843.498572541,11.1737,0.7542458601362232
ecmp-mptcp,true,2330479.619504823,2544539.094101436,11.2485,0.8525919380567626
ecmp-mptcp,true,2220919.396106207,2426071.979260213,11.8034,0.6495416990198681
ecmp-mptcp,true,2353093.246203009,2557377.2934544543,11.1404,0.9135290851577382
ecmp-mptcp,true,2347551.2013396975,2556605.4429688267,11.1667,0.7950914445036601
ecmp-mptcp,true,2343647.4658703837,4470204.464788606,11.1853,0.8039147648090488
ecmp-mptcp,true,2322365.7400024803,4429947.19963146,11.2878,0.5093586862075536
ecmp-mptcp,true,2214147.556906964,4842939.144389544,11.8395,0.6873133924541858
ecmp-mptcp,true,2237124.3994231047,4282178.718029681,11.7179,0.820117763770492
ecmp-mptcp,true,2342244.460328806,2555962.2944960687,11.192,0.8044486741457464
ecmp-mptcp,true,2346122.522038752,2555953.8193046045,11.1735,0.8238847548252688
ecmp-mptcp,true,2351763.302143235,2555859.940610226,11.1467,0.8514458085395734
ecmp-mptcp,true,2353705.948372615,2558590.7070707073,11.1375,0.87954389641444
ecmp-mptcp,true,2319612.076593636,5053977.276749372,11.3012,0.8931456787885147
ecmp-mptcp,true,2353600.2873047227,2559068.7735679657,11.138,0.9697959458091124
ecmp-mptcp,true,2355799.992810669,2560072.0730436035,11.1276,1
ecmp-mptcp,true,2336024.523694951,2551988.4510506336,11.2218,0.8000903855399228
ecmp-mptcp,true,2333508.39868612,5086914.784714124,11.2339,0.8648670356938533
ecmp-mptcp,true,2295401.2118664845,5013289.026654057,11.4204,0.8543450314090741
ecmp-mptcp,true,2353051.002638996,2557646.4463314367,11.1406,0.9316376361030413
ecmp-mptcp,true,2348161.0204410683,2558947.3118472206,11.1638,0.6979705194455401
ecmp-mptcp,true,2238022.0605812245,3670117.3035549633,11.7132,0.7908115322291633
ecmp-mptcp,true,2350224.1348395194,5117760.803299265,11.154,0.8076094666494052
ecmp-mptcp,true,2349423.721522164,5122547.814085214,11.1578,0.5956670084901071
ecmp-mptcp,true,2345597.709377237,2555166.7859699354,11.176,0.72292646887273
ecmp-mptcp,true,2231411.5714297877,2442320.5849556094,11.7479,0.9001958886106756
ecmp-mptcp,true,2348055.8566143867,2560163.377909945,11.1643,0.7319905190451926
ecmp-mptcp,true,2350097.7175335735,2554362.1465583704,11.1546,0.99794099652854
ecmp-mptcp,true,2352480.862940063,2557609.505263252,11.1433,0.9722143194856923
ecmp-mptcp,true,2352143.132733358,2557160.6743891826,11.1449,0.9961220888403344
ecmp-mptcp,true,2238174.92571975,2440737.5089648576,11.7124,0.9865164201223455
ecmp-mptcp,true,2259238.830667402,2462539.9889685605,11.6032,1
ecmp-mptcp,true,2313144.147959904,4425160.242834956,11.3328,0.7539918437934786
ecmp-mptcp,true,2347635.2954873145,2558879.4855950493,11.1663,0.8231701175805198
ecmp-mptcp,true,2349613.2438222086,2558376.7892514947,11.1569,0.6366899474936722
ecmp-mptcp,true,2355143.8813372026,2559748.802860557,11.1307,0.8810449666405267
ecmp-mptcp,true,2211663.0669546435,4847844.222462203,11.8528,0.8051139223478373
ecmp-mptcp,true,2351067.264573991,2561631.390134529,11.15,0.8294630927679849
ecmp-mptcp,true,2261402.1618170994,4943919.565911267,11.5921,0.6259529437349538
ecmp-mptcp,true,2305434.1421372476,5032756.998249888,11.3707,0.7418243559155456
ecmp-mptcp,true,2329195.8026424516,5079720.116928928,11.2547,0.8633794463872322
ecmp-mptcp,true,2351193.786212711,2562646.958580731,11.1494,0.7524173125017248
ecmp-mptcp,true,2334152.509171208,3817764.5403711223,11.2308,0.7295065782975345
ecmp-mptcp,true,2350666.702534994,2554921.0448443764,11.1519,0.8555826720827118
ecmp-mptcp,true,2349655.364041338,2553969.901494169,11.1567,0.8644011052150667
ecmp-mptcp,true,2353093.246203009,2558884.7797206566,11.1404,0.768452345010222
ecmp-mptcp,true,2350835.3435983895,2556539.5342163555,11.1511,0.9930971452203803
ecmp-mptcp,true,2355821.1637834194,2560101.7299483265,11.1275,1
ecmp-mptcp,true,2349255.2829207964,2555459.1077733766,11.1586,0.7248726080129697
ecmp-mptcp,true,2238824.83559655,2447183.36322487,11.709,0.7690002773912001
ecmp-mptcp,true,2333549.943473655,5086197.957930156,11.2337,0.8088098663870121
ecmp-mptcp,true,2354213.253585509,2558562.2042011297,11.1351,0.8830501193317423
ecmp-mptcp,true,2332553.2766828313,2539640.877341282,11.2385,0.8166086854815784
ecmp-mptcp,true,2276721.584839458,4972961.151978878,11.5141,0.825247368490274
ecmp-mptcp,true,2350645.6241033,2557373.923959828,11.152,0.7622351751878926
ecmp-mptcp,true,2343563.6571694217,2551849.057278489,11.1857,0.7889449600113211
ecmp-mptcp,true,2341763.2187809865,3188203.28202746,11.1943,0.7241146281526506
ecmp-mptcp,true,2347130.8209549906,3831715.418983409,11.1687,0.7275223236358853
ecmp-mptcp,true,2337878.6932907635,3825150.674669354,11.2129,0.8216242623404906
ecmp-mptcp,true,2319529.9780562045,2521551.107807744,11.3016,0.8307549158953396
ecmp-mptcp,true,2354488.1352278646,2559150.335015897,11.1338,0.9840184159126791
ecmp-mptcp,true,2349718.5472016064,4471981.463554552,11.1564,0.8570022628761067
ecmp-mptcp,true,2350498.0856653545,2554641.118294225,11.1527,0.9921507975122915
ecmp-mptcp,true,2356223.4845761126,2560559.9697993817,11.1256,1
ps-mptcp,true,2262182.7564484254,5004967.6823638035,11.5881,0.9822527106236151
ps-mptcp,true,2349571.1251131566,2561221.8228751197,11.1571,0.9862236986839954
ps-mptcp,true,2303286.970732693,5105147.390895592,11.3813,0.9917672786504492
ps-mptcp,true,2348055.8566143867,2555500.8374909307,11.1643,0.9928409909486673
ps-mptcp,true,2203409.2055273512,4239906.700736308,11.8972,0.9888689924936133
ps-mptcp,true,2302882.292481091,5071470.487468485,11.3833,0.9959961945121704
ps-mptcp,true,2255273.7533982587,4956143.879693039,11.6236,0.9848626848184051
ps-mptcp,true,2347172.8522182927,3836112.6382235754,11.1685,0.9812159111311765
ps-mptcp,true,2212969.9978051293,2414774.85691131,11.8458,0.9842572192089425
ps-mptcp,true,2269586.0713574537,5041259.188073037,11.5503,0.9804002592510949
ps-mptcp,true,2330583.2147937412,5117995.199146516,11.248,0.9933719796467779
ps-mptcp,true,2265878.3666977836,5061633.99370743,11.5692,0.9790725668924838
ps-mptcp,true,2300800.449375088,5077050.449375088,11.3936,0.9754496216262019
ps-mptcp,true,2320905.8955811914,2535352.415692038,11.2949,0.9777368729848821
ps-mptcp,true,2173719.0809058268,4763840.559881258,12.0597,0.9944834541055434
ps-mptcp,true,2317581.8443829515,4442037.467620302,11.3111,0.985984147124536
ps-mptcp,true,2350477.010257514,2559537.873897138,11.1528,0.9849906490459266
ps-mptcp,true,2106352.5479293554,4674173.429540232,12.4454,0.9690283570375595
ps-mptcp,true,2324301.3193360763,5079581.146261881,11.2784,0.9899848316397727
ps-mptcp,true,2327376.037643716,5118317.219336796,11.2635,0.9910427885443192
ps-mptcp,true,2348981.621699119,2561314.7071210314,11.1599,0.989546484425522
ps-mptcp,true,2265545.4631878245,4946374.266478839,11.5709,0.9812542699300657
ps-mptcp,true,2211887.0025988054,4850036.450774579,11.8516,0.9863674262639542
ps-mptcp,true,2350624.546049623,2560826.032765129,11.1521,0.9911886744569989
ps-mptcp,true,2273325.6441164482,4981150.434036058,11.5313,0.9901859499856946
ps-mptcp,true,2207695.741150908,2417558.046504577,11.8741,0.9882185554120411
ps-mptcp,true,2296285.9145059567,5007408.5494043445,11.416,0.994311488450351
ps-mptcp,true,2242732.2348270966,2448966.856595315,11.6886,0.9939438338454736
ps-mptcp,true,2273897.505291281,4980714.236147254,11.5284,0.9777980675503471
ps-mptcp,true,2337878.6932907635,4469980.647290175,11.2129,0.9897371139223703
ps-mptcp,true,2338212.3393362057,2548040.2807881334,11.2113,0.9883621255157211
ps-mptcp,true,2208346.671608849,4824506.090677809,11.8706,0.9823981708905639
ps-mptcp,true,2348855.33802249,2556752.1168406433,11.1605,0.9813857930786285
ps-mptcp,true,2324548.6468272265,5077491.930621075,11.2772,0.9930014976082103
ps-mptcp,true,2350139.855124435,2558741.4831815246,11.1544,0.9885867128569219
ps-mptcp,true,2352185.343705977,2557478.9810403152,11.1447,0.9874109532245299
ps-mptcp,true,2347109.8058878304,2558406.274622162,11.1688,0.984547868447667
ps-mptcp,true,2322900.7904157657,4447740.048913621,11.2852,0.9920982827555018
ps-mptcp,true,2190758.739417846,4790117.082710034,11.9659,0.9818055642017904
ps-mptcp,true,2349992.3801669194,2558872.264704037,11.1551,0.9819229296921332
ps-mptcp,true,2156108.6345018176,4731614.054712046,12.1582,0.9955983884028837
ps-mptcp,true,2237028.945931185,4888925.791916985,11.7184,0.9838696012415424
ps-mptcp,true,2300760.062490126,5032577.893240183,11.3938,0.9735132121486125
ps-mptcp,true,2232152.5885558585,2434532.697547684,11.744,0.9815006089933279
ps-mptcp,true,2289567.230010044,5005342.766059653,11.4495,0.9877624529234899
ps-mptcp,true,2348623.8532110094,3835933.0203555045,11.1616,0.9862351435170933
ps-mptcp,true,2351235.9631184298,2558460.517346536,11.1492,0.9815768442907833
ps-mptcp,true,2262553.727710552,4960987.0363018075,11.5862,0.9865737043800935
ps-mptcp,true,2326694.3586466433,2537630.028047005,11.2668,0.9772541641441445
ps-mptcp,true,2255991.8760058177,4924355.2870506635,11.6199,0.980079976709326
ps-mptcp,true,2272340.3517592293,4967092.568674532,11.5363,0.9933267781582379
ps-mptcp,true,2306286.015923987,3138472.0010557338,11.3665,0.9946504462707295
ps-mptcp,true,2349150.021059046,3836179.978672115,11.1591,0.975854457584981
ps-mptcp,true,2350835.3435983895,2558723.713355633,11.1511,0.983779622428337
ps-mptcp,true,2254478.5297178286,4952250.058051033,11.6277,0.9933812919060179
ps-mptcp,true,2351067.264573991,2561306.547085202,11.15,0.9836103561454207
ps-mptcp,true,2347992.76283969,2558841.8752127257,11.1646,0.9838234374436088
ps-mptcp,true,2326240.1277841865,2532040.464992457,11.269,0.9879719998072085
ps-mptcp,true,2350814.262142191,2559143.948633331,11.1512,0.9898618124685395
ps-mptcp,true,2339339.098153651,5111027.583683595,11.2059,0.9851291424363204
ps-mptcp,true,2181642.656813056,4801102.206243394,12.0159,0.9937271502152816
ps-mptcp,true,2326116.2774188966,5065666.749485341,11.2696,0.9876540628445408
ps-mptcp,true,2348708.0242267856,2557072.178618787,11.1612,0.9944963986260196
ps-mptcp,true,2348266.1936882464,2555425.187892469,11.1633,0.9709738268794572
ps-mptcp,true,2347887.61408317,3841013.515329016,11.1651,0.9934145646874161
ps-mptcp,true,2205504.000538453,4831508.089416873,11.8859,0.9945703864034305
ps-mptcp,true,2350603.468373953,2558597.586126504,11.1522,0.9764790784148442
ps-mptcp,true,2352417.53113895,2556928.8201299403,11.1436,0.995773725075595
ps-mptcp,true,2348960.5734767024,2558736.0215053763,11.16,0.9961350419698567
ps-mptcp,true,2351257.0521387374,2558414.7599357795,11.1491,0.9829015103398238
ps-mptcp,true,2248348.971645196,4910164.502461533,11.6594,0.9803928800196553
ps-mptcp,true,2352480.862940063,3201030.3949458417,11.1433,0.9821232539496233
ps-mptcp,true,2351278.1415373576,2558653.8703022692,11.149,0.9807964031454324
ps-mptcp,true,2291568.687442633,4999302.766729315,11.4395,0.9958311168787644
ps-mptcp,true,2350076.6493047774,2558250.961478121,11.1547,0.9814661879114304
ps-mptcp,true,2350392.7124054083,2558130.4020370836,11.1532,0.9930590071407788
ps-mptcp,true,2234892.9204746964,4897387.6347019505,11.7296,0.9824252106604978
ps-mptcp,true,2345618.6973756026,5112576.168362279,11.1759,0.9875833525425483
ps-mptcp,true,2351088.3505681665,2559168.423035184,11.1499,0.98357612906357
ps-mptcp,true,2264566.901925552,4942878.04835909,11.5759,0.9903097612743412
ps-tcp,true,2213530.5839835173,4872896.274529672,11.8428,0.9839424875152265
ps-tcp,true,1967088.1326679925,4530899.636063483,13.3265,0.9929317165502283
ps-tcp,true,2339631.398098978,5066422.776562989,11.2045,0.9890812157868566
ps-tcp,true,2368656.932196039,2556946.472459159,11.0672,0.9816917315456134
ps-tcp,true,2384731.5466768555,5109643.76034787,10.9926,0.9919175472416499
ps-tcp,true,2321214.160483114,5088511.69709742,11.2934,0.9897109391124017
ps-tcp,true,2242444.461552938,2404423.4009974254,11.6901,0.9917583142647335
ps-tcp,true,2192371.059872377,4790912.344966589,11.9571,0.9928399518151557
ps-tcp,true,2319837.8775409064,5025254.820753799,11.3001,0.9807069994490103
ps-tcp,true,2292851.457609922,5061812.281883304,11.4331,0.98561462451293
ps-tcp,true,2144695.6123342253,4655277.061908386,12.2229,0.9941173846328553
ps-tcp,true,2381719.8927906235,2560068.504974333,11.0065,0.9747019654410253
ps-tcp,true,2355228.5203453638,5092570.550659012,11.1303,0.9935168401038843
ps-tcp,true,2377615.52764047,5109028.887578795,11.0255,0.9929704034953556
ps-tcp,true,2293694.0562958815,2451854.68417783,11.4289,0.9925553747532072
ps-tcp,true,2279394.118567727,2459901.222544911,11.5006,0.9866246139690137
ps-tcp,true,2264801.6795251714,4886554.64072503,11.5747,0.9916453980348682
ps-tcp,true,2082243.139123873,4745588.307716749,12.5895,0.991705178905133
ps-tcp,true,2373202.969400688,2559845.0117689664,11.046,0.9873707823108824
ps-tcp,true,2350835.3435983895,5080221.323456879,11.1511,0.9871157890863023
ps-tcp,true,2388077.105272747,2551934.0086725214,10.9772,0.9936411850586471
ps-tcp,true,2361338.5578525425,2547624.0147727784,11.1015,0.9784412828289146
ps-tcp,true,2388316.4329771046,2552957.425679431,10.9761,0.9901742711375929
ps-tcp,true,2346164.517197247,2529984.158663958,11.1733,0.9837865408382332
ps-tcp,true,2263081.106746665,4876457.547373419,11.5835,0.9848308149809537
ps-tcp,true,2274331.522965071,2444219.777550277,11.5262,0.9776682324590993
ps-tcp,true,2373202.969400688,2561782.545717907,11.046,0.9776158313136664
ps-tcp,true,2380833.0154578313,2561616.6239805277,11.0106,0.9875207623166404
ps-tcp,true,2313654.5369495954,5067676.054473404,11.3303,0.9959190087564289
ps-tcp,true,2335025.74243315,2520955.409473928,11.2266,0.9762181134539196
ps-tcp,true,2242233.4747502394,2404986.314492952,11.6912,0.9924743685047641
ps-tcp,true,2379320.360151031,2560911.26924194,11.0176,0.9861644551120019
ps-tcp,true,2102180.415554005,2267897.611085717,12.4701,0.980720991220402
ps-tcp,true,2201152.031168657,4889955.497338237,11.9094,0.9952202502347626
ps-tcp,true,2382239.347152425,2562051.417199044,11.0041,0.9931143351346233
ps-tcp,true,2317766.2640802106,5005287.7933193045,11.3102,0.9886777703573095
ps-tcp,true,2291688.8861691244,2449929.6261004116,11.4389,0.9939453549772919
ps-tcp,true,2353156.6143930485,5090819.8310607625,11.1401,0.9890973603944757
ps-tcp,true,2281655.815896668,2440323.782334714,11.4892,0.986995222832624
ps-tcp,true,2344695.5806194823,2532700.7325384826,11.1803,0.9912518462342423
ps-tcp,true,2301083.1972753284,4959128.702094415,11.3922,0.9950902130447629
ps-tcp,true,2378931.7022705413,2563661.360872643,11.0194,0.9800934589036724
ps-tcp,true,2378802.1778584393,2560421.597096189,11.02,0.9866602222417423
ps-tcp,true,2353536.8952174033,2535901.1698374082,11.1383,0.9941048377355707
ps-tcp,true,2322448.0394067722,5132653.578326276,11.2874,0.9938485368686377
ps-tcp,true,2315902.9268594347,2501385.7747387206,11.3193,0.9897461037179637
ps-tcp,true,2371120.7793265013,2535508.018488201,11.0557,0.9967359811392648
ps-tcp,true,2326715.009718906,5011729.787781693,11.2667,0.9853375628180702
ps-tcp,true,2231962.537249894,4831662.664963814,11.745,0.9935177034565894
ps-tcp,true,2362104.5423007957,2560087.58413754,11.0979,0.9909138202426357
ps-tcp,true,2376516.2366507715,2559674.1791017717,11.0306,0.9822045247151145
ps-tcp,true,2378284.2212222386,2560301.5677166497,11.0224,0.9839705164502587
ps-tcp,true,2388468.7574029192,2553250.7243471765,10.9754,0.9948223559146795
ps-tcp,true,2378802.1778584393,2563445.9165154267,11.02,0.9829607043618704
ps-tcp,true,2347235.9019358535,2509258.251105818,11.1682,0.9942990804615972
ps-tcp,true,2377292.1012061303,2563242.2236329014,11.027,0.9854919860467789
ps-tcp,true,2355313.1654372457,2540506.563401289,11.1299,0.977490154431612
ps-tcp,true,2363979.042483159,5104882.452137684,11.0891,0.981138296512368
ps-tcp,true,2380357.4022955108,2560783.451983147,11.0128,0.9911806162223351
ps-tcp,true,2368357.335164339,2550151.961404333,11.0686,0.9870678935240295
ps-tcp,true,2359935.5425320263,2542254.2108911513,11.1081,0.9916862267508909
ps-tcp,true,2285216.1481261933,4932415.332176824,11.4713,0.9857988564921962
ps-tcp,true,2271572.416422592,2429328.0879014228,11.5402,0.9943757249011297
ps-tcp,true,2371056.439942113,2548763.748191028,11.056,0.9909807424496053
ps-tcp,true,2211737.7071310454,4784600.755965037,11.8524,0.9872587555821843
ps-tcp,true,2386337.9820121615,2551778.574809744,10.9852,0.9925580975719401
ps-tcp,true,2376623.9653312303,2560967.1716484893,11.0301,0.9779428932270353
ps-tcp,true,2298802.9990792302,4968487.569605823,11.4035,0.9841431262607706
ps-tcp,true,2339213.84910543,2500939.8117164145,11.2065,0.9901462249652897
ps-tcp,true,2378672.667549861,2559022.7392337983,11.0206,0.990976348659928
ps-tcp,true,2388708.1636186363,2553278.1134104226,10.9743,0.9956349094675789
ps-tcp,true,2376947.209981321,2557978.8912463957,11.0286,0.9905953068181339
ps-tcp,true,2336607.5407790355,5042139.406364203,11.219,0.9806149634332795
ps-tcp,true,2355355.490264787,2533162.439239153,11.1297,0.9890647439007997
ps-tcp,true,2351257.0521387374,2531477.8771380647,11.1491,0.9917537107528553
ps-tcp,true,2377205.8690171754,2560634.6010845713,11.0274,0.9884628686807586
ps-tcp,true,2388664.6316460883,2553957.811289808,10.9745,0.9898864804562085
ps-tcp,true,2374600.2989265816,2561783.051768649,11.0395,0.987877674319823
ps-tcp,true,2263374.2013469175,2419000.1726817475,11.582,0.9881490648494538
ps-tcp,true,2357537.277191215,2538897.4225227977,11.1194,0.9925233303145022
static-tcp,false,2388294.6739308685,2551840.163262331,10.9762,0.5
static-tcp,false,2013936.1579533669,4305130.411400914,13.0165,0.25550908150295004
static-tcp,false,2373181.4848679625,5072677.234499054,11.0461,0.25
static-tcp,false,2076569.047600187,4438649.387273346,12.6239,0.25550162060244674
static-tcp,false,2168594.1662116772,2317290.084545259,12.0882,0.25549357596400674
static-tcp,false,2390189.1953498977,2553864.417597447,10.9675,0.5109441377388035
static-tcp,false,2159518.906005437,4615434.549798171,12.139,0.25549357596400674
static-tcp,false,2134966.5271285,4563217.304904467,12.2786,0.25549417794375395
static-tcp,false,2388294.6739308685,2551840.163262331,10.9762,0.25547206886940177
static-tcp,false,2203890.841222067,4710478.704622265,11.8946,0.25549116804501787
static-tcp,false,2283524.103207373,2440071.2555967877,11.4798,0.5
static-tcp,false,2370777.6762862545,5067430.204480298,11.0573,0.25549029243811283
static-tcp,false,2390385.3518866375,2554074.0065289154,10.9666,1
static-tcp,false,2390494.341652912,2554190.459689406,10.9661,0.5109441377388035
static-tcp,false,2387707.329513886,2551212.598712075,10.9789,0.25547206886940177
static-tcp,false,2386142.4891453744,2549582.6544451625,10.9861,0.25547628272763223
static-tcp,false,2382044.5252158106,5091482.235347569,11.005,0.5
static-tcp,false,2388359.9522590404,2551909.911715668,10.9759,0.25547206886940177
static-tcp,false,2174386.197743862,4647633.0457863305,12.056,0.25
static-tcp,false,2388403.4731269986,2551956.412802828,10.9757,0.25547206886940177
static-tcp,false,2197996.0591959083,2349026.9567769254,11.9265,0.25548593566916766
static-tcp,false,2388229.399170956,2551770.4186216006,10.9765,0.5109441377388035
static-tcp,false,2347362.011533364,5016870.410831333,11.1676,0.2554850387966826
static-tcp,false,2379341.955979124,2542274.381665532,11.0175,0.25547206886940177
static-tcp,false,2388120.6158331055,2551654.1860253257,10.977,0.25547206886940177
static-tcp,false,2388642.8662548065,2552212.1990778707,10.9746,0.25547206886940177
static-tcp,false,2222501.0597710893,2374876.473081814,11.795,0.5
static-tcp,false,2373117.033603708,2535709.009269988,11.0464,0.255480715487589
static-tcp,false,2390407.1490448182,2554097.296311494,10.9665,1
static-tcp,false,2390276.3720582468,2553957.563986833,10.9671,0.5109441377388035
static-tcp,false,1867840.9074715348,3993666.3674062677,14.0346,0.2555047075124839
static-tcp,false,2388512.282236315,2552072.672935345,10.9752,0.25547206886940177
static-tcp,false,2370691.916040406,2533111.768270074,11.0577,0.5
static-tcp,false,2285255.9911429593,4884899.094245539,11.4711,0.2555108931521618
static-tcp,false,2073415.538910552,2215943.558146341,12.6431,0.25
static-tcp,false,2388446.9955810667,2552002.9155847114,10.9755,0.25547206886940177
static-tcp,false,2293673.987225479,4902045.323300377,11.429,0.2554871051505774
static-tcp,false,2390276.3720582468,2553957.563986833,10.9671,0.5109441377388035
static-tcp,false,2120906.148867314,4532773.462783172,12.36,0.25548591440358764
static-tcp,false,2373288.9114217428,5071932.172086623,11.0456,0.25548120801647306
static-tcp,false,2338400.057089845,4998923.499607507,11.2104,0.2554846009932301
static-tcp,false,2388164.12797901,2551700.677793164,10.9768,0.25547206886940177
static-tcp,false,2061528.7826360492,4406372.444164832,12.716,0.5
static-tcp,false,2267171.743379517,4845079.999308114,11.5626,0.2554853124238404
static-tcp,false,2188856.3245743676,2338986.1643412407,11.9763,1
static-tcp,false,2388359.9522590404,2551909.911715668,10.9759,0.5109441377388035
static-tcp,false,2351109.4369405727,5024810.669249672,11.1498,0.25548153636906246
static-tcp,false,2321892.6315975944,4963663.209360413,11.2901,0.25549085092799245
static-tcp,false,2145257.24854129,2292369.207100011,12.2197,0.5
static-tcp,false,2388381.712494761,2551933.1620474136,10.9758,0.25547206886940177
static-tcp,false,2190630.588471245,2340761.7869737437,11.9666,0.25
static-tcp,false,2050386.7783591838,4383393.637906626,12.7851,0.255499081164708
static-tcp,false,2173989.484334312,2323255.21222073,12.0582,0.2554873330456796
static-tcp,false,2390385.3518866375,2554074.0065289154,10.9666,0.5109441377388035
static-tcp,false,2388359.9522590404,2551909.911715668,10.9759,0.25547206886940177
static-tcp,false,2357770.5224719606,2519225.780919745,11.1183,0.25547206886940177
static-tcp,false,2330479.619504823,4981549.362137174,11.2485,0.2554826308776938
static-tcp,false,2388403.4731269986,2551956.412802828,10.9757,0.25547206886940177
static-tcp,false,2390559.740283427,2554260.336683142,10.9658,0.5
static-tcp,false,2139933.5515628443,2286877.168349646,12.2501,0.25548913878543683
static-tcp,false,2390581.5406221217,2554283.6298640305,10.9657,1
static-tcp,false,2083136.6565745664,2226074.490825725,12.5841,0.51101046496186
static-tcp,false,2387620.3400945417,2551119.6524368585,10.9793,0.25547206886940177
static-tcp,false,2388142.371707859,2551677.431697474,10.9769,0.25547206886940177
static-tcp,false,2379557.9358235374,5085550.946307811,11.0165,0.5
static-tcp,false,2009197.3756821386,2146843.7672450794,13.0472,0.2554792926263683
static-tcp,false,2387837.8255285425,2551352.0308244443,10.9783,0.25
static-tcp,false,1922370.109632237,4110119.018809812,13.6365,0.255531427781889
static-tcp,false,2094872.7784170823,4477688.275156629,12.5136,0.2554877413091992
static-tcp,false,2390036.6514104414,2553701.4277638993,10.9682,0.5109441377388035
static-tcp,false,2237735.4947203086,2391428.7177648596,11.7147,0.2554921351285432
static-tcp,false,2388425.234155764,2551979.6639819234,10.9756,0.25547206886940177
static-tcp,false,2388185.88464657,2551723.924312407,10.9767,0.25547206886940177
static-tcp,false,2181424.802989074,4662623.761140375,12.0171,0.2555000882903629
static-tcp,false,2388272.915281106,2551816.914625147,10.9763,0.5
static-tcp,false,2201947.0647033625,4706282.517576501,11.9051,0.255502715111078
static-tcp,false,1905462.4750136288,2036177.0670543339,13.7575,1
static-tcp,false,2145116.8119144063,2292202.9376866743,12.2205,0.5109871519280135
static-tcp,false,2208737.4141635424,4721195.601803092,11.8685,0.25550364544341464
static-tcp,false,2321872.066039574,4962334.945350835,11.2902,0.2554820836233781
ps-tcp,false,2230595.12261534,2387475.1961334897,11.7522,0.9900270028349307
ps-tcp,false,2330541.7755729803,4988710.371437208,11.2482,0.9856746011891946
ps-tcp,false,1571795.1792780908,3360964.384218731,16.678,0.9906911753184844
ps-tcp,false,1986390.846404486,4248713.040842616,13.197,0.9888727382934757
ps-tcp,false,2339026.0006781234,2501889.465888609,11.2074,0.9770807111445636
ps-tcp,false,2380638.423466376,2549853.8800345096,11.0115,0.9821457404568105
ps-tcp,false,1992747.949433291,4285021.24683578,13.1549,0.9848558446987481
ps-tcp,false,2383842.425454909,2554455.245664608,10.9967,0.9778139995856299
ps-tcp,false,2378931.7022705413,2554017.641613881,11.0194,0.9897693124247573
ps-tcp,false,2388882.3073768625,2552551.6927142665,10.9735,1
ps-tcp,false,2162600.9553115484,2318957.5719577284,12.1217,0.9808072417055156
ps-tcp,false,1998460.048942999,4276753.6002073595,13.1173,0.9817358409174307
ps-tcp,false,2387598.593730076,2552844.5998870614,10.9794,0.9885219632031316
ps-tcp,false,2388425.234155764,2552093.370749663,10.9756,0.9831075721597627
ps-tcp,false,1903000.2976341713,4078180.366307812,13.7753,0.9927464154714466
ps-tcp,false,2355418.98035833,5045259.403022625,11.1294,0.9932650660396276
ps-tcp,false,2234511.916533124,4790234.409628695,11.7316,0.9831072004016488
ps-tcp,false,2328492.3743793354,2489832.9202973857,11.2581,0.9893260263854269
ps-tcp,false,2155984.5051772776,4630169.998930825,12.1589,0.9769220975721356
ps-tcp,false,2166980.788942896,2316116.456700724,12.0972,0.9926505974923517
ps-tcp,false,1986978.0415520235,4248869.939589635,13.1931,0.9908164760155116
ps-tcp,false,2332574.0318906605,2492516.016514806,11.2384,0.9774381614098164
ps-tcp,false,2388316.4329771046,2552767.376390521,10.9761,0.9838003893709757
ps-tcp,false,2297372.618442501,4914874.765568857,11.4106,0.9872853561100139
ps-tcp,false,2384774.93540992,2548554.0919180526,10.9924,0.9830793596162278
ps-tcp,false,2188198.565931268,2338265.260978806,11.9799,1
ps-tcp,false,2259122.01175477,4849354.004722591,11.6038,0.9818220294000972
ps-tcp,false,1948547.9399106537,4178032.8989913254,13.4533,0.9856293040683572
ps-tcp,false,2388359.9522590404,2552070.6274656295,10.9759,0.9957164453463585
ps-tcp,false,2388229.399170956,2551819.614631258,10.9765,0.988735564344301
ps-tcp,false,2351172.698327279,2512542.4458495895,11.1495,0.981367272539757
ps-tcp,false,2328575.108592341,2490222.3367117615,11.2577,0.9937809850061036
ps-tcp,false,2388425.234155764,2552093.370749663,10.9756,0.9894193970984975
ps-tcp,false,2147788.255921608,4596773.205083038,12.2053,0.9793375064798099
ps-tcp,false,2388446.9955810667,2552002.9155847114,10.9755,0.9894133385858057
ps-tcp,false,2216881.3266919805,2369509.5941614727,11.8249,0.9818008540855835
ps-tcp,false,2006122.1990939146,2145070.864454512,13.0672,0.9772069062940754
ps-tcp,false,2262983.425414365,4860036.256906077,11.584,0.9943388991076129
ps-tcp,false,2035516.5586054276,4354785.5728539815,12.8785,0.9957784483794703
ps-tcp,false,1938676.8033841648,4157497.522519191,13.5218,0.9860814119338281
ps-tcp,false,2333466.855377823,2494721.428507847,11.2341,0.9716059392803794
ps-tcp,false,2322242.301831969,2481417.7385634813,11.2884,1
ps-tcp,false,2388490.5196213312,2553169.207219848,10.9753,0.9834365793595733
ps-tcp,false,2080276.7946418652,4454666.941768375,12.6014,0.9912962896511621
ps-tcp,false,2382824.004217645,2549190.1030777902,11.0014,0.9929177499378998
ps-tcp,false,2187157.9228407424,4699447.503671072,11.9856,0.9828045084137542
ps-tcp,false,2025169.3795724758,4345163.044737838,12.9443,0.9948577820181858
ps-tcp,false,2176173.2012850633,2326297.1418135334,12.0461,0.9960466384626278
ps-tcp,false,2120614.478591132,2267652.183761133,12.3617,0.987976672051095
ps-tcp,false,2388120.6158331055,2551724.6970939236,10.977,0.986326990480086
ps-tcp,false,2388164.12797901,2551750.9656730555,10.9768,0.9882545789148346
ps-tcp,false,2345261.9524763813,2506132.4434583453,11.1776,0.9917507011369436
ps-tcp,false,2241734.936462057,4791656.775385247,11.6938,0.984289495571214
ps-tcp,false,2183314.3161734696,2333408.013858929,12.0067,0.9748438943135552
ps-tcp,false,2387772.5757382545,2551325.4877671106,10.9786,0.9858259882621521
ps-tcp,false,2001358.9549788905,2140660.8491178243,13.0983,0.9907598164274013
ps-tcp,false,2384948.5061319554,2549411.1867244076,10.9916,0.9919855578900745
ps-tcp,false,2381828.093767036,2545028.8933309102,11.006,1
ps-tcp,false,2388338.1924198247,2551936.9533527694,10.976,0.9799977328198124
ps-tcp,false,2228414.5294422675,4770892.831337079,11.7637,0.9788785635357266
ps-tcp,false,2388381.712494761,2551982.3611946283,10.9758,0.9929414427169838
ps-tcp,false,2115480.523253468,2262706.489020877,12.3917,0.9828096174278655
ps-tcp,false,2157723.617387296,2306061.518960252,12.1491,0.9751382415403194
ps-tcp,false,2211271.2886654465,2363375.481868257,11.8549,0.9923333678070867
ps-tcp,false,2388251.157027805,2551842.862869429,10.9764,0.9816998287408132
ps-tcp,false,2386142.4891453744,2550319.94975469,10.9861,0.9757935677609588
ps-tcp,false,2065101.6228139277,2207394.2019851897,12.694,0.9827678775352847
ps-tcp,false,2247231.0804786887,2401560.367589068,11.6652,0.9828540454822934
ps-tcp,false,2026139.8505190096,4337367.928830354,12.9381,0.9812353703054842
ps-tcp,false,2319961.0602239035,2479465.286074605,11.2995,0.985539159403356
ps-tcp,false,2306976.0892714136,4933581.6810553465,11.3631,0.9832005716088229
ps-tcp,false,2388381.712494761,2551983.454509011,10.9758,0.980215575574634
ps-tcp,false,2050835.9215477654,2193839.606330629,12.7823,0.9816002262674688
ps-tcp,false,2189020.826026688,2339091.303839538,11.9754,1
ps-tcp,false,2344947.2676691324,2506566.5393457436,11.1791,0.9936124212163866
ps-tcp,false,2060507.9270257736,4412770.489612727,12.7223,0.9822945090885162
ps-tcp,false,2388512.282236315,2552072.672935345,10.9752,0.9949425764897297
ps-tcp,false,2073251.5560617205,4443145.340514548,12.6441,0.9672492708433524
ps-tcp,false,1950389.1195333542,4178093.388688005,13.4406,0.9885211944584378
ps-tcp,false,2111986.5938350977,2257131.693011714,12.4122,0.9923195039870629
static-tcp,true,2385795.0253465236,2551608.9809514275,10.9877,0.25564595929625017
static-tcp,true,2305454.4175329357,2465821.504581992,11.3706,0.2556460304893269
static-tcp,true,2385122.1021217746,2550213.087309386,10.9908,0.25564877728792434
static-tcp,true,2218325.830145889,4743938.834918593,11.8172,0.25
static-tcp,true,2384558.007531792,2550658.3950370224,10.9934,0.25566855625228174
static-tcp,true,2383387.2786122123,5098815.870822272,10.9988,0.25565430068514877
static-tcp,true,2385708.175207725,2551452.3894030815,10.9881,0.25
static-tcp,true,2386359.705419159,2551064.9880292397,10.9851,0.25560154924048395
static-tcp,true,2385425.9559211605,2550275.1742588314,10.9894,0.2555942000076753
static-tcp,true,2384102.5874221274,5100647.53762903,10.9955,0.2556631302423864
static-tcp,true,2386185.9292365666,2551056.1720022936,10.9859,0.2555769289834845
static-tcp,true,2386120.7696928876,2551274.508019151,10.9862,0.25563401857220186
static-tcp,true,2230082.7739921226,2386518.8134309947,11.7549,0.2557160277390091
static-tcp,true,2384601.389950151,2550830.513408289,10.9932,0.25566765516084916
static-tcp,true,2322242.301831969,4968938.20204812,11.2884,0.25
static-tcp,true,2383408.9483302576,5098101.411985053,10.9987,0.25
static-tcp,true,2384427.869747135,2550165.726760051,10.994,0.25561962480303724
static-tcp,true,2385686.463661018,2551654.8661291203,10.9882,0.25567630871398256
static-tcp,true,2218231.974072789,2372081.030995879,11.8177,0.2556397980864009
static-tcp,true,2272340.3517592293,2430215.580385392,11.5363,0.25
static-tcp,true,2385621.3313919096,2550533.1937935115,10.9885,0.2555991247524677
static-tcp,true,2386294.536384656,2552012.67136381,10.9854,0.25563288352938474
static-tcp,true,2259589.359904839,4836484.045029048,11.6014,0.25
static-tcp,true,2384601.389950151,2550688.789433468,10.9932,0.2556393351944404
static-tcp,true,2386490.0541672357,2552092.8581182575,10.9845,0.2556199718934841
static-tcp,true,2386207.6498752935,2551563.836953158,10.9858,0.2556254623988778
static-tcp,true,2385990.4612808097,2551313.57629155,10.9868,0.25562365675884624
static-tcp,true,2385643.041753121,2551302.646427141,10.9884,0.2556456692419386
static-tcp,true,2273601.6791125685,2432289.785687647,11.5299,0.2556883333786771
static-tcp,true,2386729.063860007,2551846.9690624033,10.9834,0.2556120932470878
static-tcp,true,2386099.050635792,2551789.0463577365,10.9863,0.25
static-tcp,true,2225595.571629905,4763133.139761941,11.7786,0.25
static-tcp,true,2383560.647390435,2549830.878341517,10.998,0.2556649353839547
static-tcp,true,2249159.173587755,2405476.3539021206,11.6552,0.25564590458592856
static-tcp,true,2383192.2688800604,2547879.851268671,10.9997,0.25560758764869995
static-tcp,true,2275002.603533863,4868603.638004651,11.5228,0.25
static-tcp,true,2386403.1534196944,2551802.929475917,10.9849,0.25562847179893033
static-tcp,true,2384427.869747135,2549532.472257595,10.994,0.25561260405319863
static-tcp,true,2386229.370909455,2552112.6555431155,10.9857,0.25
static-tcp,true,2385860.167100497,2551543.22223638,10.9874,0.2556323911364902
static-tcp,true,2383820.7478539213,5100588.171104321,10.9968,0.25569854056899544
static-tcp,true,2370927.771647704,5071120.235877214,11.0566,0.2556003521983186
static-tcp,true,2384796.6303685308,2550573.0374898794,10.9923,0.25563503432190154
static-tcp,true,2384753.2408460313,2549936.7750739143,10.9925,0.25560414181465047
static-tcp,true,2279374.2989557157,4877850.391715287,11.5007,0.25567099413736555
static-tcp,true,2386642.1457054936,2551723.993517726,10.9838,0.25560908368082574
static-tcp,true,2384080.9050893085,5099966.1682854965,10.9956,0.25
static-tcp,true,2349192.124671787,2512365.3765156064,11.1589,0.25
static-tcp,true,2332262.74255109,4989465.208765202,11.2399,0.25563498314236965
static-tcp,true,2386142.4891453744,5102185.488936019,10.9861,0.25558644963092353
static-tcp,true,2381330.4506599563,5094932.005850132,11.0083,0.2556522930944825
static-tcp,true,2383755.71741641,5100691.273153831,10.9971,0.25
static-tcp,true,2380984.3867791714,5093273.690042598,11.0099,0.2556159236041486
static-tcp,true,2385686.463661018,2551313.408929579,10.9882,0.2556562129957786
static-tcp,true,2384124.2701493353,5102907.943321752,10.9954,0.25
static-tcp,true,2383864.103450157,2550739.3194260043,10.9966,0.25568111588424125
static-tcp,true,2343102.816435613,5010857.62296767,11.1879,0.2555976309268411
static-tcp,true,2357261.683167427,2520667.76371991,11.1207,0.25561699945024036
static-tcp,true,2383647.3412380884,2549670.2917000074,10.9976,0.2556536508651774
static-tcp,true,2380984.3867791714,2546541.930444418,11.0099,0.25565378287224083
static-tcp,true,2384579.6985436585,2549639.689629138,10.9933,0.2556070777003748
static-tcp,true,2376990.3159116465,5086530.41238983,11.0284,0.25567039037484757
static-tcp,true,2383972.4993406753,2550031.374760142,10.9961,0.25
static-tcp,true,2362977.518974562,5054709.11680398,11.0938,0.25
static-tcp,true,2364298.8563801004,5056192.503337061,11.0876,0.25562015491151235
static-tcp,true,2383669.0156853828,5099405.683109798,10.9975,0.2556479999521494
static-tcp,true,2383538.9749138486,5096330.638928542,10.9981,0.2556059459764327
static-tcp,true,2384492.93686384,2550010.2786141154,10.9937,0.25
static-tcp,true,2385751.599486708,5102188.225229571,10.9879,0.255612184676062
static-tcp,true,2350034.5139804035,5027530.322997069,11.1549,0.25562348955369374
static-tcp,true,2382044.5252158106,2548225.1703771013,11.005,0.25
static-tcp,true,2386164.208993264,5104825.596213362,10.986,0.2556521029996961
static-tcp,true,2349002.670298751,5025614.7959640855,11.1598,0.2556191879839578
static-tcp,true,2328202.850925885,4979663.395355034,11.2595,0.2556191332706148
static-tcp,true,2385404.249510897,5102496.018927158,10.9895,0.2556378621686515
static-tcp,true,2385643.041753121,2550653.234319828,10.9884,0.25559471180197696
static-tcp,true,2385795.0253465236,2551332.1259226226,10.9877,0.2556182211631925
static-tcp,true,2385339.1326502757,2549919.7437623977,10.9898,0.2555678799827291
static-tcp,true,2384753.2408460313,2548863.497839436,10.9925,0.25
static-tcp,true,2314124.293785311,4949735.346045198,11.328,0.25
ecmp-mptcp,false,1969852.26709148,4358241.181863268,13.3078,0.7195533520472441
ecmp-mptcp,false,1952655.493482309,4303825.251396648,13.425,0.6320873035663614
ecmp-mptcp,false,2242291.0126679726,4910848.437673747,11.6909,0.7754805905185083
ecmp-mptcp,false,2350793.181064091,2555501.3316833014,11.1513,0.8632753711908497
ecmp-mptcp,false,2348139.986922133,2551775.275665314,11.1639,0.6941567154126875
ecmp-mptcp,false,2137229.3242890686,4689366.684059484,12.2656,0.7207210469546091
ecmp-mptcp,false,2099099.964767304,4591002.2100509275,12.4884,0.6762830263466746
ecmp-mptcp,false,2287050.3659887807,3113866.5689533334,11.4621,0.7125589816778155
ecmp-mptcp,false,1871387.778412336,4182648.3438035413,14.008,0.7168757666295722
ecmp-mptcp,false,2295501.7119239224,4994530.424959938,11.4199,0.7147984257795634
ecmp-mptcp,false,1830921.3834720901,4012427.501815947,14.3176,0.8353839863596455
ecmp-mptcp,false,2346731.599018853,2551242.3683598014,11.1706,0.740539287088512
ecmp-mptcp,false,2347425.07141386,2554708.121031942,11.1673,0.8074587870193404
ecmp-mptcp,false,2355715.3127246583,2559807.1531272465,11.128,1
ecmp-mptcp,false,2350287.3485928434,2555222.5718819764,11.1537,0.7952811727535881
ecmp-mptcp,false,2353219.985996158,2557405.698486508,11.1398,0.9907477771893591
ecmp-mptcp,false,2350350.565746768,2555582.154320656,11.1534,0.6724424170739998
ecmp-mptcp,false,2183932.751826581,4769082.502311865,12.0033,0.6472600440865236
ecmp-mptcp,false,1964699.7983916297,4324035.914769874,13.3427,0.7981703856133766
ecmp-mptcp,false,2138083.469948698,4691630.004812123,12.2607,0.816695749244895
ecmp-mptcp,false,2349613.2438222086,2553330.943183142,11.1569,0.7650915061243293
ecmp-mptcp,false,1997120.2413512012,4375836.387045657,13.1261,0.6304736902647894
ecmp-mptcp,false,1896639.2938537784,4168282.024382303,13.8215,0.710092189668718
ecmp-mptcp,false,2051205.0078247262,4498263.3802816905,12.78,0.6523004338140548
ecmp-mptcp,false,2211122.076300851,4847158.581947924,11.8557,0.7152972411718237
ecmp-mptcp,false,2350582.3910762803,2554497.637258682,11.1523,0.6923985910404765
ecmp-mptcp,false,2004787.433369787,4391642.181417722,13.0759,0.6290646451910455
ecmp-mptcp,false,2345996.54558309,2551419.0852059675,11.1741,0.716277263184764
ecmp-mptcp,false,2259530.930811864,4921749.398795005,11.6017,0.6234034664887904
ecmp-mptcp,false,2355948.1976111946,2560060.2144352878,11.1269,1
ecmp-mptcp,false,2350245.2057128,4473887.877782659,11.1539,0.7273526159576326
ecmp-mptcp,false,2155559.027406609,4703158.214993463,12.1613,0.8045433294857851
ecmp-mptcp,false,2151242.8502260847,3514199.2663531844,12.1857,0.848674003123012
ecmp-mptcp,false,1855768.482008226,4083064.7250794643,14.1259,0.7607984327788573
ecmp-mptcp,false,2211793.690569604,4814617.156453286,11.8521,0.5629638726246642
ecmp-mptcp,false,2129745.627076783,2319708.823840048,12.3087,0.884009011798263
ecmp-mptcp,false,2353917.2989718495,2557925.200915907,11.1365,0.7564014829819893
ecmp-mptcp,false,2022013.9612017435,2205569.208222454,12.9645,0.7611097565649941
ecmp-mptcp,false,1952117.479726258,4267569.012637113,13.4287,0.7062480279527037
ecmp-mptcp,false,1931008.0660012523,4230814.629295422,13.5755,0.9067069682093792
ecmp-mptcp,false,1816785.6400304942,4051519.3014068888,14.429,0.9202520504868927
ecmp-mptcp,false,2308235.522017452,2516995.130713487,11.3569,0.7119882225250536
ecmp-mptcp,false,2171198.5555380704,4736270.405923619,12.0737,0.7574960646349779
ecmp-mptcp,false,1936371.2244882884,4251321.253665634,13.5379,0.8729410008995409
ecmp-mptcp,false,2332574.0318906605,5085933.228929385,11.2384,0.8401011605382656
ecmp-mptcp,false,2355736.482175433,2559836.8065852495,11.1279,1
ecmp-mptcp,false,2350940.756551217,2554680.465625168,11.1506,0.7109904710141961
ecmp-mptcp,false,2179303.0061186487,3558335.49481245,12.0288,0.8004237310946687
ecmp-mptcp,false,2352523.0860353042,2556559.3057587207,11.1431,0.7935627809421002
ecmp-mptcp,false,2295923.9082835573,3129844.103067141,11.4178,0.7850776499687736
ecmp-mptcp,false,2014818.4585113905,3848080.9788790853,13.0108,0.6697885102863788
ecmp-mptcp,false,2355186.200080859,2559334.082026863,11.1305,0.8059176495164834
ecmp-mptcp,false,1742920.780559157,3852247.332203052,15.0405,0.5489988902327905
ecmp-mptcp,false,2094738.8608323212,2295683.8522022627,12.5144,0.8170377435974441
ecmp-mptcp,false,2349381.6096074567,5112072.593654777,11.158,0.636066906366822
ecmp-mptcp,false,1577755.0406259405,3471851.820643997,16.615,0.7646001940763258
ecmp-mptcp,false,1935827.850269907,4248788.409136224,13.5417,0.7409855668758283
ecmp-mptcp,false,2176932.211694168,4778001.312085303,12.0419,0.5839714650925749
ecmp-mptcp,false,2290907.8197643934,3742299.786765477,11.4428,0.7373755072463168
ecmp-mptcp,false,2349844.923716811,2553592.570680722,11.1558,0.4901783884212368
ecmp-mptcp,false,2335920.4441157337,5096816.695329834,11.2223,0.7069253494416042
ecmp-mptcp,false,2042860.927978055,2225606.8328112094,12.8322,1
ecmp-mptcp,false,2154372.1236028927,4701427.843523998,12.168,0.7611470979781583
ecmp-mptcp,false,2354720.7775292606,2558895.1467299038,11.1327,0.9900438897934127
ecmp-mptcp,false,2093768.4701522337,4589416.7824795125,12.5202,0.8181326662620767
ecmp-mptcp,false,1837891.6520019912,4052832.093554788,14.2633,0.8313285827420618
ecmp-mptcp,false,2136480.329913039,4682260.491120547,12.2699,0.8641317408570206
ecmp-mptcp,false,2348813.2464809553,2553724.407967242,11.1607,0.6498221897230274
ecmp-mptcp,false,2046145.6804770676,4493956.88282494,12.8116,0.6611775433325426
ecmp-mptcp,false,2349802.7967013265,2554477.4112585154,11.156,0.7920267569429822
ecmp-mptcp,false,1900668.4937863431,4172675.860268848,13.7922,0.8623772027173299
ecmp-mptcp,false,2050258.4878655395,4474023.572841959,12.7859,0.6753438492526791
ecmp-mptcp,false,2122743.799243682,4663041.9537949525,12.3493,0.7243233775959673
ecmp-mptcp,false,2350645.6241033,2554307.030129125,11.152,0.7851569408042564
ecmp-mptcp,false,2182241.979255115,4759783.893578409,12.0126,0.9161613297101208
ecmp-mptcp,false,1989239.723480623,4368186.76440458,13.1781,0.9510514469359727
ecmp-mptcp,false,2172170.0653778906,4758436.399492886,12.0683,0.8197333177700743
ecmp-mptcp,false,2355630.6387261422,2559715.1432371233,11.1284,1
ecmp-mptcp,false,2210357.6788816,2406863.0162397344,11.8598,0.6753651691188565
ecmp-mptcp,false,2354911.155428592,2559075.8008588008,11.1318,0.7935917879321738
ps-mptcp,false,2327500.0221967697,2535028.6338332044,11.2629,0.9772368948866474
ps-mptcp,false,127965.69669556356,138749.8273167984,204.8549,0.9890868267036212
ps-mptcp,false,2203520.3335406757,3002321.8398534036,11.8966,0.9949544833902395
ps-mptcp,false,2158149.9501922335,2359938.9134497438,12.1467,1
ps-mptcp,false,2351826.5987224574,2561251.1662958446,11.1464,0.9911286051259632
ps-mptcp,false,2319817.3483655155,2533922.9394170013,11.3002,0.9801049266625117
ps-mptcp,false,2313225.795065476,5040768.945677879,11.3324,0.9861178317654469
ps-mptcp,false,2314655.5530047505,5063401.557560881,11.3254,0.9922053305642091
ps-mptcp,false,2255079.744679387,4913988.954458648,11.6246,0.9887969097906584
ps-mptcp,false,2347866.585461971,2557126.249417834,11.1652,0.988795932831148
ps-mptcp,false,2353219.985996158,2557103.359126735,11.1398,0.9766094694875238
ps-mptcp,false,2206859.394204704,4827629.855370161,11.8786,0.9891431661876616
ps-mptcp,false,2355186.200080859,2559554.3776110685,11.1305,0.9899847560573023
ps-mptcp,false,2355630.6387261422,2559722.8712123935,11.1284,0.9904347331451044
ps-mptcp,false,2351826.5987224574,2556008.9356204695,11.1464,0.9771421104402547
ps-mptcp,false,2210413.5924786036,2417666.512078924,11.8595,0.9890945524230894
ps-mptcp,false,2096699.1129915938,4600874.2111703865,12.5027,0.9913940459847347
ps-mptcp,false,2355101.564114312,2559140.231248147,11.1309,0.9912845846913869
ps-mptcp,false,2325786.0742423167,5058242.2457236145,11.2712,0.9885920884104654
ps-mptcp,false,2356202.306371734,2560342.9896545834,11.1257,1
ps-mptcp,false,2257993.3847850054,2461150.9440463064,11.6096,0.974614567662787
ps-mptcp,false,2354699.6263294052,2559242.59844783,11.1328,0.9888422679965838
ps-mptcp,false,2355292.00359389,2559428.9308176097,11.13,0.9934981051078524
ps-mptcp,false,2353980.7115533124,2557950.8270325605,11.1362,0.9874383983046171
ps-mptcp,false,2354911.155428592,2558933.326146715,11.1318,0.9947084666628581
ps-mptcp,false,2231506.546129356,4863221.13829443,11.7474,0.9788936864833598
ps-mptcp,false,2336024.523694951,2552711.1515086708,11.2218,0.9911693037860808
ps-mptcp,false,2352122.027815164,2556967.608793181,11.145,0.9784148208534367
ps-mptcp,false,2345115.0890564756,2548424.1789896498,11.1783,0.9917517674783976
ps-mptcp,false,2355842.3351366897,2559945.1803655843,11.1274,0.9914688290967413
ps-mptcp,false,2244748.71768524,4909312.302514964,11.6781,0.9866222180815157
ps-mptcp,false,2257293.4247235903,4920529.22536424,11.6132,0.9847451096809294
ps-mptcp,false,2354678.4755095257,2558763.484806295,11.1329,0.9864986296041518
ps-mptcp,false,2355567.137221778,2559657.1028062575,11.1287,0.994146310955802
ps-mptcp,false,2216675.122611196,2413009.301538982,11.826,0.9936779288555628
ps-mptcp,false,2356477.652727338,2560642.1919384417,11.1244,1
ps-mptcp,false,2352354.2027476914,2556683.7462647725,11.1439,0.9866193556358385
ps-mptcp,false,2354678.4755095257,2558698.0930395494,11.1329,0.9732458380926688
ps-mptcp,false,2184606.1535384515,4762960.765358846,11.9996,0.9847930909943418
ps-mptcp,false,2211551.1161354547,2407202.659152648,11.8534,0.9937082001239804
ps-mptcp,false,2353410.1212866623,2557302.2470800527,11.1389,0.9940318726323047
ps-mptcp,false,2344276.222244082,5101476.440446062,11.1823,0.9735737774874595
ps-mptcp,false,2350982.9243793944,2555945.078203473,11.1504,0.98401187561786
ps-mptcp,false,2229513.773718096,3036685.292441678,11.7579,0.9906855093405665
ps-mptcp,false,2337565.986588672,2540736.9096875447,11.2144,0.9910475827944853
ps-mptcp,false,2355482.4738747966,2560138.735387408,11.1291,0.993739713664411
ps-mptcp,false,2184205.702477962,4770724.891266311,12.0018,0.9783058628528933
ps-mptcp,false,2311655.1000432097,5039678.838810946,11.3401,0.9835497424978126
ps-mptcp,false,2319263.197940352,2520504.649249308,11.3029,0.9835733073045055
ps-mptcp,false,2245287.059004908,2445611.8472330477,11.6753,0.9893248244226396
ps-mptcp,false,2351109.4369405727,2555093.1855279915,11.1498,0.9921046810405085
ps-mptcp,false,2356202.306371734,2560336.338387697,11.1257,1
ps-mptcp,false,2327706.6924764025,3811905.451122812,11.2619,0.9897938819658145
ps-mptcp,false,2354699.6263294052,2558723.2322506467,11.1328,0.9890735697093517
ps-mptcp,false,2307524.3829442626,5031988.838421182,11.3604,0.9748521514188001
ps-mptcp,false,2345513.761139544,2555243.3699581265,11.1764,0.9831058249347039
ps-mptcp,false,2249525.885371526,2453966.8591729384,11.6533,0.9906516401546587
ps-mptcp,false,2123913.307676727,4635752.88636824,12.3425,0.9810999482412167
ps-mptcp,false,2214559.063299908,2411862.8403436593,11.8373,0.9953986344010443
ps-mptcp,false,2351678.912004019,2555462.8558100313,11.1471,0.9805387531385777
ps-mptcp,false,2354382.403923013,2558358.7652569087,11.1343,0.998260322627763
ps-mptcp,false,2355672.9749645046,2559768.875469528,11.1282,0.9925016797424799
ps-mptcp,false,2227316.3685798035,4867864.055397425,11.7695,0.9768160191299268
ps-mptcp,false,2223179.605475177,2421101.1415099143,11.7914,0.9803458126010972
ps-mptcp,false,2308357.475586239,2508718.332555498,11.3563,0.9855134177632745
ps-mptcp,false,2354022.988505747,2557968.2112068967,11.136,0.9909278835095576
ps-mptcp,false,2246961.411208064,3057630.8436048203,11.6666,0.9918075435638561
ps-mptcp,false,2355270.8421307984,2559324.1749849506,11.1301,1
ps-mptcp,false,2354741.929109103,2558797.9447748056,11.1326,0.9742186025132764
ps-mptcp,false,2353072.124231408,2556996.5441407477,11.1405,0.989379963706575
ps-mptcp,false,2355228.5203453638,2559362.1016504494,11.1303,0.9857004842953495
ps-mptcp,false,2217218.834315873,2415163.7049504784,11.8231,0.9741287577753664
ps-mptcp,false,2214577.771770351,3620474.7744399016,11.8372,0.9944794918628099
ps-mptcp,false,2329878.9483975326,5078159.340171001,11.2514,0.9968763486589878
ps-mptcp,false,2353114.3685538094,2556984.102762044,11.1403,0.9835873171879765
ps-mptcp,false,2332096.7555401353,2534449.100145009,11.2407,0.9904005240793083
ps-mptcp,false,2268800.3600391196,4947039.976458981,11.5543,0.9900122217533341
ps-mptcp,false,2355567.137221778,2559646.1401601266,11.1287,0.991023309711575
ps-mptcp,false,2210506.788093431,4825748.208111983,11.859,0.9853475253096153
ps-mptcp,false,2334110.9429258304,5077642.596385006,11.231,0.9834690046165686
